ticker,type,contractSymbol,asof_datetime,lastTradeDate_dt,expiration,expiration_dt,days_to_exp,T,S,F,r,q,strike,moneyness,bid,ask,mid,spread,rel_spread,lastPrice,impliedVolatility,volume,openInterest,inTheMoney,currency,weight,moneyness_bucket
SPY,call,SPY260102C00670000,2025-12-18 21:43:21.413601+00:00,2025-12-18 21:03:56+00:00,2026-01-02,2026-01-02 00:00:00+00:00,14.09489104628472,0.0386161398528348,676.469970703125,676.469970703125,0.0,0.0,670.0,0.9904356867513276,10.29,10.55,10.42,0.2600000000000015,0.0249520153550865,10.54,0.1214687463378906,299.0,2056.0,True,USD,3.846139053311311,"(0.95, 1.0]"
SPY,call,SPY260102C00673000,2025-12-18 21:43:21.413601+00:00,2025-12-18 20:15:26+00:00,2026-01-02,2026-01-02 00:00:00+00:00,14.09489104628472,0.0386161398528348,676.469970703125,676.469970703125,0.0,0.0,673.0,0.9948704734084228,8.31,8.64,8.475000000000001,0.33,0.0389380530973451,9.02,0.1200039172363281,295.0,813.0,True,USD,3.030293847594401,"(0.95, 1.0]"
SPY,call,SPY260102C00675000,2025-12-18 21:43:21.413601+00:00,2025-12-18 21:11:41+00:00,2026-01-02,2026-01-02 00:00:00+00:00,14.09489104628472,0.0386161398528348,676.469970703125,676.469970703125,0.0,0.0,675.0,0.9978269978464868,7.07,7.12,7.095000000000001,0.0499999999999998,0.0070472163495419,7.16,0.1126187371826171,1587.0,2603.0,True,USD,19.99960000799991,"(0.95, 1.0]"
SPY,call,SPY260102C00677000,2025-12-18 21:43:21.413601+00:00,2025-12-18 21:10:47+00:00,2026-01-02,2026-01-02 00:00:00+00:00,14.09489104628472,0.0386161398528348,676.469970703125,676.469970703125,0.0,0.0,677.0,1.0007835222845505,5.89,5.94,5.915,0.0500000000000007,0.0084530853761624,6.0,0.1096890789794921,3450.0,1185.0,False,USD,19.999600007999558,"(1.0, 1.05]"
SPY,call,SPY260102C00679000,2025-12-18 21:43:21.413601+00:00,2025-12-18 20:53:20+00:00,2026-01-02,2026-01-02 00:00:00+00:00,14.09489104628472,0.0386161398528348,676.469970703125,676.469970703125,0.0,0.0,679.0,1.003740046722614,4.83,4.88,4.855,0.0499999999999998,0.0102986611740473,5.58,0.1070645935058593,690.0,1613.0,False,USD,19.99960000799991,"(1.0, 1.05]"
SPY,call,SPY260102C00680000,2025-12-18 21:43:21.413601+00:00,2025-12-18 21:10:47+00:00,2026-01-02,2026-01-02 00:00:00+00:00,14.09489104628472,0.0386161398528348,676.469970703125,676.469970703125,0.0,0.0,680.0,1.0052183089416458,4.35,4.39,4.369999999999999,0.04,0.0091533180778032,4.42,0.1057218334960937,11421.0,10529.0,False,USD,24.999375015624587,"(1.0, 1.05]"
SPY,call,SPY260102C00681000,2025-12-18 21:43:21.413601+00:00,2025-12-18 21:04:57+00:00,2026-01-02,2026-01-02 00:00:00+00:00,14.09489104628472,0.0386161398528348,676.469970703125,676.469970703125,0.0,0.0,681.0,1.0066965711606777,3.9,3.92,3.91,0.02,0.0051150895140665,4.0,0.1042570043945312,761.0,1373.0,False,USD,49.99750012499371,"(1.0, 1.05]"
SPY,call,SPY260102C00682000,2025-12-18 21:43:21.413601+00:00,2025-12-18 21:12:42+00:00,2026-01-02,2026-01-02 00:00:00+00:00,14.09489104628472,0.0386161398528348,676.469970703125,676.469970703125,0.0,0.0,682.0,1.0081748333797096,3.44,3.48,3.46,0.04,0.0115606936416185,3.54,0.1027921752929687,1052.0,1230.0,False,USD,24.999375015624587,"(1.0, 1.05]"
SPY,call,SPY260102C00683000,2025-12-18 21:43:21.413601+00:00,2025-12-18 21:09:22+00:00,2026-01-02,2026-01-02 00:00:00+00:00,14.09489104628472,0.0386161398528348,676.469970703125,676.469970703125,0.0,0.0,683.0,1.0096530955987413,3.05,3.08,3.065,0.0300000000000002,0.0097879282218597,3.14,0.1015409671020507,531.0,1263.0,False,USD,33.33222225925775,"(1.0, 1.05]"
SPY,call,SPY260102C00684000,2025-12-18 21:43:21.413601+00:00,2025-12-18 21:11:46+00:00,2026-01-02,2026-01-02 00:00:00+00:00,14.09489104628472,0.0386161398528348,676.469970703125,676.469970703125,0.0,0.0,684.0,1.0111313578177732,2.7,2.74,2.72,0.04,0.0147058823529411,2.73,0.1009306216430664,622.0,1768.0,False,USD,24.999375015624587,"(1.0, 1.05]"
SPY,call,SPY260102C00685000,2025-12-18 21:43:21.413601+00:00,2025-12-18 21:11:21+00:00,2026-01-02,2026-01-02 00:00:00+00:00,14.09489104628472,0.0386161398528348,676.469970703125,676.469970703125,0.0,0.0,685.0,1.0126096200368049,2.36,2.39,2.375,0.0300000000000002,0.0126315789473685,2.35,0.0995573443603515,2469.0,3208.0,False,USD,33.33222225925775,"(1.0, 1.05]"
SPY,call,SPY260102C00686000,2025-12-18 21:43:21.413601+00:00,2025-12-18 21:09:22+00:00,2026-01-02,2026-01-02 00:00:00+00:00,14.09489104628472,0.0386161398528348,676.469970703125,676.469970703125,0.0,0.0,686.0,1.0140878822558368,2.03,2.07,2.05,0.04,0.0195121951219512,2.08,0.0982145843505859,819.0,1321.0,False,USD,24.999375015624587,"(1.0, 1.05]"
SPY,call,SPY260102C00687000,2025-12-18 21:43:21.413601+00:00,2025-12-18 21:11:53+00:00,2026-01-02,2026-01-02 00:00:00+00:00,14.09489104628472,0.0386161398528348,676.469970703125,676.469970703125,0.0,0.0,687.0,1.0155661444748687,1.76,1.79,1.775,0.03,0.0169014084507042,1.77,0.0971464797973633,3235.0,46358.0,False,USD,33.332222259258,"(1.0, 1.05]"
SPY,call,SPY260102C00688000,2025-12-18 21:43:21.413601+00:00,2025-12-18 21:09:23+00:00,2026-01-02,2026-01-02 00:00:00+00:00,14.09489104628472,0.0386161398528348,676.469970703125,676.469970703125,0.0,0.0,688.0,1.0170444066939004,1.51,1.53,1.52,0.02,0.0131578947368421,1.53,0.0958952716064453,1363.0,1685.0,False,USD,49.99750012499371,"(1.0, 1.05]"
SPY,call,SPY260102C00689000,2025-12-18 21:43:21.413601+00:00,2025-12-18 21:03:07+00:00,2026-01-02,2026-01-02 00:00:00+00:00,14.09489104628472,0.0386161398528348,676.469970703125,676.469970703125,0.0,0.0,689.0,1.0185226689129323,1.25,1.28,1.265,0.03,0.0237154150197628,1.3,0.0942473388671875,609.0,782.0,False,USD,33.332222259258,"(1.0, 1.05]"
SPY,call,SPY260102C00690000,2025-12-18 21:43:21.413601+00:00,2025-12-18 21:10:50+00:00,2026-01-02,2026-01-02 00:00:00+00:00,14.09489104628472,0.0386161398528348,676.469970703125,676.469970703125,0.0,0.0,690.0,1.0200009311319642,1.08,1.11,1.0950000000000002,0.03,0.0273972602739726,1.09,0.0940642352294921,5078.0,11120.0,False,USD,33.332222259258,"(1.0, 1.05]"
SPY,call,SPY260102C00691000,2025-12-18 21:43:21.413601+00:00,2025-12-18 21:11:23+00:00,2026-01-02,2026-01-02 00:00:00+00:00,14.09489104628472,0.0386161398528348,676.469970703125,676.469970703125,0.0,0.0,691.0,1.021479193350996,0.91,0.93,0.92,0.02,0.0217391304347826,0.91,0.0930266479492187,923.0,1048.0,False,USD,49.99750012499371,"(1.0, 1.05]"
SPY,call,SPY260102C00692000,2025-12-18 21:43:21.413601+00:00,2025-12-18 21:12:56+00:00,2026-01-02,2026-01-02 00:00:00+00:00,14.09489104628472,0.0386161398528348,676.469970703125,676.469970703125,0.0,0.0,692.0,1.0229574555700278,0.75,0.77,0.76,0.02,0.0263157894736842,0.77,0.0918669915771484,1154.0,1236.0,False,USD,49.99750012499371,"(1.0, 1.05]"
SPY,call,SPY260102C00693000,2025-12-18 21:43:21.413601+00:00,2025-12-18 21:12:56+00:00,2026-01-02,2026-01-02 00:00:00+00:00,14.09489104628472,0.0386161398528348,676.469970703125,676.469970703125,0.0,0.0,693.0,1.0244357177890595,0.62,0.65,0.635,0.03,0.047244094488189,0.64,0.0915007843017578,753.0,2649.0,False,USD,33.332222259258,"(1.0, 1.05]"
SPY,call,SPY260102C00694000,2025-12-18 21:43:21.413601+00:00,2025-12-18 20:58:22+00:00,2026-01-02,2026-01-02 00:00:00+00:00,14.09489104628472,0.0386161398528348,676.469970703125,676.469970703125,0.0,0.0,694.0,1.0259139800080914,0.52,0.54,0.53,0.02,0.0377358490566038,0.59,0.0908904388427734,802.0,989.0,False,USD,49.99750012499371,"(1.0, 1.05]"
SPY,call,SPY260102C00695000,2025-12-18 21:43:21.413601+00:00,2025-12-18 21:11:36+00:00,2026-01-02,2026-01-02 00:00:00+00:00,14.09489104628472,0.0386161398528348,676.469970703125,676.469970703125,0.0,0.0,695.0,1.027392242227123,0.43,0.44,0.435,0.01,0.0229885057471264,0.43,0.0900359552001953,1132.0,4662.0,False,USD,99.99000099989992,"(1.0, 1.05]"
SPY,call,SPY260102C00696000,2025-12-18 21:43:21.413601+00:00,2025-12-18 20:49:49+00:00,2026-01-02,2026-01-02 00:00:00+00:00,14.09489104628472,0.0386161398528348,676.469970703125,676.469970703125,0.0,0.0,696.0,1.028870504446155,0.35,0.37,0.36,0.02,0.0555555555555556,0.45,0.0899749206542968,307.0,1519.0,False,USD,49.99750012499371,"(1.0, 1.05]"
SPY,call,SPY260102C00697000,2025-12-18 21:43:21.413601+00:00,2025-12-18 21:01:30+00:00,2026-01-02,2026-01-02 00:00:00+00:00,14.09489104628472,0.0386161398528348,676.469970703125,676.469970703125,0.0,0.0,697.0,1.030348766665187,0.29,0.31,0.3,0.02,0.0666666666666667,0.31,0.0899749206542968,271.0,863.0,False,USD,49.99750012499371,"(1.0, 1.05]"
SPY,call,SPY260102C00698000,2025-12-18 21:43:21.413601+00:00,2025-12-18 21:09:58+00:00,2026-01-02,2026-01-02 00:00:00+00:00,14.09489104628472,0.0386161398528348,676.469970703125,676.469970703125,0.0,0.0,698.0,1.0318270288842188,0.24,0.26,0.25,0.02,0.08,0.25,0.0900969897460937,1295.0,1714.0,False,USD,49.99750012499371,"(1.0, 1.05]"
SPY,call,SPY260102C00699000,2025-12-18 21:43:21.413601+00:00,2025-12-18 21:08:04+00:00,2026-01-02,2026-01-02 00:00:00+00:00,14.09489104628472,0.0386161398528348,676.469970703125,676.469970703125,0.0,0.0,699.0,1.0333052911032503,0.21,0.22,0.215,0.01,0.0465116279069767,0.21,0.0903411279296875,216.0,586.0,False,USD,99.99000099989992,"(1.0, 1.05]"
SPY,call,SPY260102C00700000,2025-12-18 21:43:21.413601+00:00,2025-12-18 21:12:46+00:00,2026-01-02,2026-01-02 00:00:00+00:00,14.09489104628472,0.0386161398528348,676.469970703125,676.469970703125,0.0,0.0,700.0,1.0347835533222824,0.17,0.18,0.175,0.0099999999999999,0.057142857142857,0.17,0.0900969897460937,8754.0,9449.0,False,USD,99.9900009999002,"(1.0, 1.05]"
SPY,call,SPY260102C00702000,2025-12-18 21:43:21.413601+00:00,2025-12-18 20:41:48+00:00,2026-01-02,2026-01-02 00:00:00+00:00,14.09489104628472,0.0386161398528348,676.469970703125,676.469970703125,0.0,0.0,702.0,1.037740077760346,0.12,0.13,0.125,0.01,0.08,0.13,0.0910735424804687,1238.0,1285.0,False,USD,99.99000099989992,"(1.0, 1.05]"
SPY,call,SPY260109C00660000,2025-12-18 21:43:21.538165+00:00,2025-12-18 20:58:40+00:00,2026-01-09,2026-01-09 00:00:00+00:00,21.09488960457176,0.0577942180947171,676.469970703125,676.469970703125,0.0,0.0,660.0,0.9756530645610092,20.15,20.45,20.3,0.3000000000000007,0.0147783251231527,20.72,0.151802915649414,175.0,3573.0,True,USD,3.333322222259252,"(0.95, 1.0]"
SPY,call,SPY260109C00670000,2025-12-18 21:43:21.538165+00:00,2025-12-18 20:57:31+00:00,2026-01-09,2026-01-09 00:00:00+00:00,21.09488960457176,0.0577942180947171,676.469970703125,676.469970703125,0.0,0.0,670.0,0.9904356867513276,12.51,12.69,12.6,0.1799999999999997,0.0142857142857142,13.22,0.1348047946166992,372.0,3769.0,True,USD,5.5555246915295005,"(0.95, 1.0]"
SPY,call,SPY260109C00675000,2025-12-18 21:43:21.538165+00:00,2025-12-18 21:02:51+00:00,2026-01-09,2026-01-09 00:00:00+00:00,21.09488960457176,0.0577942180947171,676.469970703125,676.469970703125,0.0,0.0,675.0,0.9978269978464868,9.25,9.3,9.275,0.0500000000000007,0.0053908355795149,9.43,0.1262294409179687,4829.0,2460.0,True,USD,19.999600007999558,"(0.95, 1.0]"
SPY,call,SPY260109C00679000,2025-12-18 21:43:21.538165+00:00,2025-12-18 20:56:06+00:00,2026-01-09,2026-01-09 00:00:00+00:00,21.09488960457176,0.0577942180947171,676.469970703125,676.469970703125,0.0,0.0,679.0,1.003740046722614,6.92,6.97,6.945,0.0499999999999998,0.0071994240460762,7.43,0.1204006417846679,720.0,827.0,False,USD,19.99960000799991,"(1.0, 1.05]"
SPY,call,SPY260109C00680000,2025-12-18 21:43:21.538165+00:00,2025-12-18 21:12:19+00:00,2026-01-09,2026-01-09 00:00:00+00:00,21.09488960457176,0.0577942180947171,676.469970703125,676.469970703125,0.0,0.0,680.0,1.0052183089416458,6.39,6.44,6.415,0.0500000000000007,0.0077942322681217,6.48,0.1189663299560546,3770.0,3412.0,False,USD,19.999600007999558,"(1.0, 1.05]"
SPY,call,SPY260109C00681000,2025-12-18 21:43:21.538165+00:00,2025-12-18 20:20:22+00:00,2026-01-09,2026-01-09 00:00:00+00:00,21.09488960457176,0.0577942180947171,676.469970703125,676.469970703125,0.0,0.0,681.0,1.0066965711606777,5.88,5.93,5.904999999999999,0.0499999999999998,0.008467400508044,6.68,0.1175625354003906,131.0,796.0,False,USD,19.99960000799991,"(1.0, 1.05]"
SPY,call,SPY260109C00682000,2025-12-18 21:43:21.538165+00:00,2025-12-18 21:02:33+00:00,2026-01-09,2026-01-09 00:00:00+00:00,21.09488960457176,0.0577942180947171,676.469970703125,676.469970703125,0.0,0.0,682.0,1.0081748333797096,5.4,5.45,5.425000000000001,0.0499999999999998,0.0092165898617511,5.57,0.1162502926635742,387.0,843.0,False,USD,19.99960000799991,"(1.0, 1.05]"
SPY,call,SPY260109C00683000,2025-12-18 21:43:21.538165+00:00,2025-12-18 21:09:53+00:00,2026-01-09,2026-01-09 00:00:00+00:00,21.09488960457176,0.0577942180947171,676.469970703125,676.469970703125,0.0,0.0,683.0,1.0096530955987413,4.94,4.99,4.965,0.0499999999999998,0.0100704934541792,5.09,0.1149380499267578,1162.0,873.0,False,USD,19.99960000799991,"(1.0, 1.05]"
SPY,call,SPY260109C00684000,2025-12-18 21:43:21.538165+00:00,2025-12-18 20:41:00+00:00,2026-01-09,2026-01-09 00:00:00+00:00,21.09488960457176,0.0577942180947171,676.469970703125,676.469970703125,0.0,0.0,684.0,1.0111313578177732,4.51,4.55,4.529999999999999,0.04,0.0088300220750551,5.14,0.1135952899169921,530.0,844.0,False,USD,24.999375015624587,"(1.0, 1.05]"
SPY,call,SPY260109C00685000,2025-12-18 21:43:21.538165+00:00,2025-12-18 21:05:01+00:00,2026-01-09,2026-01-09 00:00:00+00:00,21.09488960457176,0.0577942180947171,676.469970703125,676.469970703125,0.0,0.0,685.0,1.0126096200368049,4.14,4.19,4.165,0.0500000000000007,0.0120048019207684,4.19,0.1131680480957031,1797.0,2813.0,False,USD,19.999600007999558,"(1.0, 1.05]"
SPY,call,SPY260109C00686000,2025-12-18 21:43:21.538165+00:00,2025-12-18 21:00:36+00:00,2026-01-09,2026-01-09 00:00:00+00:00,21.09488960457176,0.0577942180947171,676.469970703125,676.469970703125,0.0,0.0,686.0,1.0140878822558368,3.75,3.79,3.77,0.04,0.0106100795755968,3.9,0.111764253540039,512.0,845.0,False,USD,24.999375015624587,"(1.0, 1.05]"
SPY,call,SPY260109C00687000,2025-12-18 21:43:21.538165+00:00,2025-12-18 21:08:05+00:00,2026-01-09,2026-01-09 00:00:00+00:00,21.09488960457176,0.0577942180947171,676.469970703125,676.469970703125,0.0,0.0,687.0,1.0155661444748687,3.34,3.38,3.36,0.04,0.0119047619047619,3.42,0.109811148071289,1101.0,811.0,False,USD,24.999375015624587,"(1.0, 1.05]"
SPY,call,SPY260109C00689000,2025-12-18 21:43:21.538165+00:00,2025-12-18 20:20:30+00:00,2026-01-09,2026-01-09 00:00:00+00:00,21.09488960457176,0.0577942180947171,676.469970703125,676.469970703125,0.0,0.0,689.0,1.0185226689129323,2.69,2.73,2.71,0.04,0.014760147601476,2.95,0.1076139044189453,624.0,804.0,False,USD,24.999375015624587,"(1.0, 1.05]"
SPY,call,SPY260109C00690000,2025-12-18 21:43:21.538165+00:00,2025-12-18 21:13:13+00:00,2026-01-09,2026-01-09 00:00:00+00:00,21.09488960457176,0.0577942180947171,676.469970703125,676.469970703125,0.0,0.0,690.0,1.0200009311319642,2.41,2.44,2.425,0.0299999999999998,0.0123711340206184,2.43,0.1065763171386718,3362.0,2464.0,False,USD,33.33222225925824,"(1.0, 1.05]"
SPY,call,SPY260109C00692000,2025-12-18 21:43:21.538165+00:00,2025-12-18 20:58:11+00:00,2026-01-09,2026-01-09 00:00:00+00:00,21.09488960457176,0.0577942180947171,676.469970703125,676.469970703125,0.0,0.0,692.0,1.0229574555700278,1.88,1.94,1.91,0.06,0.031413612565445,2.07,0.1048978671264648,386.0,865.0,False,USD,16.666388893518427,"(1.0, 1.05]"
SPY,call,SPY260109C00693000,2025-12-18 21:43:21.538165+00:00,2025-12-18 21:09:53+00:00,2026-01-09,2026-01-09 00:00:00+00:00,21.09488960457176,0.0577942180947171,676.469970703125,676.469970703125,0.0,0.0,693.0,1.0244357177890595,1.68,1.71,1.6949999999999998,0.03,0.0176991150442478,1.73,0.1038602798461914,113.0,557.0,False,USD,33.332222259258,"(1.0, 1.05]"
SPY,call,SPY260109C00695000,2025-12-18 21:43:21.538165+00:00,2025-12-18 21:03:00+00:00,2026-01-09,2026-01-09 00:00:00+00:00,21.09488960457176,0.0577942180947171,676.469970703125,676.469970703125,0.0,0.0,695.0,1.027392242227123,1.29,1.32,1.3050000000000002,0.03,0.0229885057471264,1.35,0.1021207952880859,663.0,1413.0,False,USD,33.332222259258,"(1.0, 1.05]"
SPY,call,SPY260109C00697000,2025-12-18 21:43:21.538165+00:00,2025-12-18 20:57:17+00:00,2026-01-09,2026-01-09 00:00:00+00:00,21.09488960457176,0.0577942180947171,676.469970703125,676.469970703125,0.0,0.0,697.0,1.030348766665187,0.97,0.99,0.98,0.02,0.0204081632653061,1.09,0.1001066552734375,155.0,1031.0,False,USD,49.99750012499371,"(1.0, 1.05]"
SPY,call,SPY260109C00698000,2025-12-18 21:43:21.538165+00:00,2025-12-18 21:10:31+00:00,2026-01-09,2026-01-09 00:00:00+00:00,21.09488960457176,0.0577942180947171,676.469970703125,676.469970703125,0.0,0.0,698.0,1.0318270288842188,0.85,0.88,0.865,0.03,0.0346820809248555,0.87,0.1001066552734375,1364.0,1212.0,False,USD,33.332222259258,"(1.0, 1.05]"
SPY,call,SPY260109C00699000,2025-12-18 21:43:21.538165+00:00,2025-12-18 20:58:39+00:00,2026-01-09,2026-01-09 00:00:00+00:00,21.09488960457176,0.0577942180947171,676.469970703125,676.469970703125,0.0,0.0,699.0,1.0333052911032503,0.74,0.77,0.755,0.03,0.0397350993377483,0.8,0.0997404479980468,1102.0,801.0,False,USD,33.332222259258,"(1.0, 1.05]"
SPY,call,SPY260109C00700000,2025-12-18 21:43:21.538165+00:00,2025-12-18 21:08:56+00:00,2026-01-09,2026-01-09 00:00:00+00:00,21.09488960457176,0.0577942180947171,676.469970703125,676.469970703125,0.0,0.0,700.0,1.0347835533222824,0.65,0.66,0.655,0.01,0.015267175572519,0.67,0.0989469989013672,2636.0,4445.0,False,USD,99.99000099989992,"(1.0, 1.05]"
SPY,call,SPY260109C00702000,2025-12-18 21:43:21.538165+00:00,2025-12-18 19:08:25+00:00,2026-01-09,2026-01-09 00:00:00+00:00,21.09488960457176,0.0577942180947171,676.469970703125,676.469970703125,0.0,0.0,702.0,1.037740077760346,0.48,0.49,0.485,0.01,0.0206185567010309,0.6,0.0979704461669922,203.0,1153.0,False,USD,99.99000099989992,"(1.0, 1.05]"
SPY,call,SPY260109C00705000,2025-12-18 21:43:21.538165+00:00,2025-12-18 21:06:54+00:00,2026-01-09,2026-01-09 00:00:00+00:00,21.09488960457176,0.0577942180947171,676.469970703125,676.469970703125,0.0,0.0,705.0,1.0421748644174416,0.31,0.32,0.315,0.01,0.0317460317460317,0.33,0.0975432043457031,353.0,1387.0,False,USD,99.99000099989992,"(1.0, 1.05]"
SPY,call,SPY260109C00706000,2025-12-18 21:43:21.538165+00:00,2025-12-18 21:07:09+00:00,2026-01-09,2026-01-09 00:00:00+00:00,21.09488960457176,0.0577942180947171,676.469970703125,676.469970703125,0.0,0.0,706.0,1.0436531266364737,0.27,0.29,0.28,0.0199999999999999,0.0714285714285712,0.28,0.0983976879882812,580.0,941.0,False,USD,49.99750012499384,"(1.0, 1.05]"
SPY,call,SPY260109C00707000,2025-12-18 21:43:21.538165+00:00,2025-12-18 20:57:16+00:00,2026-01-09,2026-01-09 00:00:00+00:00,21.09488960457176,0.0577942180947171,676.469970703125,676.469970703125,0.0,0.0,707.0,1.0451313888555054,0.23,0.25,0.24,0.0199999999999999,0.0833333333333333,0.27,0.0982756188964843,9709.0,528.0,False,USD,49.99750012499377,"(1.0, 1.05]"
SPY,call,SPY260109C00710000,2025-12-18 21:43:21.538165+00:00,2025-12-18 20:58:24+00:00,2026-01-09,2026-01-09 00:00:00+00:00,21.09488960457176,0.0577942180947171,676.469970703125,676.469970703125,0.0,0.0,710.0,1.049566175512601,0.16,0.17,0.165,0.01,0.0606060606060606,0.17,0.0991301025390625,4915.0,4785.0,False,USD,99.99000099989992,"(1.0, 1.05]"
SPY,call,SPY260116C00620000,2025-12-18 21:43:21.676633+00:00,2025-12-18 21:06:05+00:00,2026-01-16,2026-01-16 00:00:00+00:00,28.094888001932876,0.0769722958957064,676.469970703125,676.469970703125,0.0,0.0,620.0,0.9165225757997358,56.65,59.26,57.955,2.6099999999999994,0.0450349409024242,58.07,0.2574231973266602,100.0,5560.0,True,USD,0.3831416156545534,"(0.9, 0.95]"
SPY,call,SPY260116C00650000,2025-12-18 21:43:21.676633+00:00,2025-12-18 20:53:34+00:00,2026-01-16,2026-01-16 00:00:00+00:00,28.094888001932876,0.0769722958957064,676.469970703125,676.469970703125,0.0,0.0,650.0,0.9608704423706907,30.1,30.46,30.28,0.3599999999999994,0.0118890356671069,31.0,0.1742025939941406,186.0,28708.0,True,USD,2.777770061749833,"(0.95, 1.0]"
SPY,call,SPY260116C00660000,2025-12-18 21:43:21.676633+00:00,2025-12-18 20:52:34+00:00,2026-01-16,2026-01-16 00:00:00+00:00,28.094888001932876,0.0769722958957064,676.469970703125,676.469970703125,0.0,0.0,660.0,0.9756530645610092,21.82,22.09,21.955,0.2699999999999996,0.0122978820314279,23.01,0.158486198425293,629.0,9405.0,True,USD,3.7036899863333903,"(0.95, 1.0]"
SPY,call,SPY260116C00665000,2025-12-18 21:43:21.676633+00:00,2025-12-18 21:08:02+00:00,2026-01-16,2026-01-16 00:00:00+00:00,28.094888001932876,0.0769722958957064,676.469970703125,676.469970703125,0.0,0.0,665.0,0.9830443756561684,18.04,18.29,18.165,0.25,0.0137627305257363,18.17,0.152077571105957,155.0,12719.0,True,USD,3.999984000064,"(0.95, 1.0]"
SPY,call,SPY260116C00670000,2025-12-18 21:43:21.676633+00:00,2025-12-18 21:11:47+00:00,2026-01-16,2026-01-16 00:00:00+00:00,28.094888001932876,0.0769722958957064,676.469970703125,676.469970703125,0.0,0.0,670.0,0.9904356867513276,14.42,14.59,14.505,0.1699999999999999,0.0117200965184419,14.49,0.1435327346801758,929.0,13965.0,True,USD,5.882318339303889,"(0.95, 1.0]"
SPY,call,SPY260116C00675000,2025-12-18 21:43:21.676633+00:00,2025-12-18 21:12:57+00:00,2026-01-16,2026-01-16 00:00:00+00:00,28.094888001932876,0.0769722958957064,676.469970703125,676.469970703125,0.0,0.0,675.0,0.9978269978464868,11.11,11.14,11.125,0.0300000000000011,0.0026966292134832,11.14,0.1343775527954102,2754.0,19276.0,True,USD,33.33222225925676,"(0.95, 1.0]"
SPY,call,SPY260116C00676000,2025-12-18 21:43:21.676633+00:00,2025-12-18 21:07:53+00:00,2026-01-16,2026-01-16 00:00:00+00:00,28.094888001932876,0.0769722958957064,676.469970703125,676.469970703125,0.0,0.0,676.0,0.9993052600655185,10.45,10.51,10.48,0.0600000000000005,0.0057251908396947,10.6,0.1327906546020508,759.0,925.0,True,USD,16.666388893518302,"(0.95, 1.0]"
SPY,call,SPY260116C00677000,2025-12-18 21:43:21.676633+00:00,2025-12-18 21:12:52+00:00,2026-01-16,2026-01-16 00:00:00+00:00,28.094888001932876,0.0769722958957064,676.469970703125,676.469970703125,0.0,0.0,677.0,1.0007835222845505,9.85,9.91,9.88,0.0600000000000005,0.0060728744939271,9.95,0.1314021186828613,3303.0,641.0,False,USD,16.666388893518302,"(1.0, 1.05]"
SPY,call,SPY260116C00678000,2025-12-18 21:43:21.676633+00:00,2025-12-18 21:05:13+00:00,2026-01-16,2026-01-16 00:00:00+00:00,28.094888001932876,0.0769722958957064,676.469970703125,676.469970703125,0.0,0.0,678.0,1.0022617845035822,9.27,9.32,9.295,0.0500000000000007,0.0053792361484669,9.36,0.1299372895812988,2307.0,1620.0,False,USD,19.999600007999558,"(1.0, 1.05]"
SPY,call,SPY260116C00679000,2025-12-18 21:43:21.676633+00:00,2025-12-18 21:07:18+00:00,2026-01-16,2026-01-16 00:00:00+00:00,28.094888001932876,0.0769722958957064,676.469970703125,676.469970703125,0.0,0.0,679.0,1.003740046722614,8.71,8.76,8.735,0.0499999999999989,0.0057240984544932,8.87,0.128640305480957,2374.0,1621.0,False,USD,19.999600008000264,"(1.0, 1.05]"
SPY,call,SPY260116C00680000,2025-12-18 21:43:21.676633+00:00,2025-12-18 21:13:12+00:00,2026-01-16,2026-01-16 00:00:00+00:00,28.094888001932876,0.0769722958957064,676.469970703125,676.469970703125,0.0,0.0,680.0,1.0052183089416458,8.17,8.21,8.190000000000001,0.0400000000000009,0.0048840048840049,8.2,0.1272670281982422,15231.0,26445.0,False,USD,24.999375015624032,"(1.0, 1.05]"
SPY,call,SPY260116C00681000,2025-12-18 21:43:21.676633+00:00,2025-12-18 21:07:53+00:00,2026-01-16,2026-01-16 00:00:00+00:00,28.094888001932876,0.0769722958957064,676.469970703125,676.469970703125,0.0,0.0,681.0,1.0066965711606777,7.63,7.68,7.654999999999999,0.0499999999999998,0.0065316786414108,7.73,0.1259395268249512,846.0,1354.0,False,USD,19.99960000799991,"(1.0, 1.05]"
SPY,call,SPY260116C00682000,2025-12-18 21:43:21.676633+00:00,2025-12-18 21:05:00+00:00,2026-01-16,2026-01-16 00:00:00+00:00,28.094888001932876,0.0769722958957064,676.469970703125,676.469970703125,0.0,0.0,682.0,1.0081748333797096,7.12,7.17,7.145,0.0499999999999998,0.006997900629811,7.22,0.1246425427246093,2709.0,4256.0,False,USD,19.99960000799991,"(1.0, 1.05]"
SPY,call,SPY260116C00683000,2025-12-18 21:43:21.676633+00:00,2025-12-18 20:58:32+00:00,2026-01-16,2026-01-16 00:00:00+00:00,28.094888001932876,0.0769722958957064,676.469970703125,676.469970703125,0.0,0.0,683.0,1.0096530955987413,6.64,6.68,6.66,0.04,0.006006006006006,6.92,0.1233760758972168,639.0,1292.0,False,USD,24.999375015624587,"(1.0, 1.05]"
SPY,call,SPY260116C00685000,2025-12-18 21:43:21.676633+00:00,2025-12-18 21:11:50+00:00,2026-01-16,2026-01-16 00:00:00+00:00,28.094888001932876,0.0769722958957064,676.469970703125,676.469970703125,0.0,0.0,685.0,1.0126096200368049,5.72,5.76,5.74,0.04,0.0069686411149825,5.8,0.1209194354248047,33649.0,38864.0,False,USD,24.999375015624587,"(1.0, 1.05]"
SPY,call,SPY260116C00686000,2025-12-18 21:43:21.676633+00:00,2025-12-18 21:09:55+00:00,2026-01-16,2026-01-16 00:00:00+00:00,28.094888001932876,0.0769722958957064,676.469970703125,676.469970703125,0.0,0.0,686.0,1.0140878822558368,5.29,5.33,5.3100000000000005,0.04,0.007532956685499,5.44,0.1197292617797851,1880.0,2215.0,False,USD,24.999375015624587,"(1.0, 1.05]"
SPY,call,SPY260116C00688000,2025-12-18 21:43:21.676633+00:00,2025-12-18 21:12:29+00:00,2026-01-16,2026-01-16 00:00:00+00:00,28.094888001932876,0.0769722958957064,676.469970703125,676.469970703125,0.0,0.0,688.0,1.0170444066939004,4.5,4.54,4.52,0.04,0.0088495575221239,4.59,0.1175625354003906,2148.0,2964.0,False,USD,24.999375015624587,"(1.0, 1.05]"
SPY,call,SPY260116C00689000,2025-12-18 21:43:21.676633+00:00,2025-12-18 21:00:36+00:00,2026-01-16,2026-01-16 00:00:00+00:00,28.094888001932876,0.0769722958957064,676.469970703125,676.469970703125,0.0,0.0,689.0,1.0185226689129323,4.13,4.17,4.15,0.04,0.0096385542168674,4.3,0.1164639135742187,1028.0,2560.0,False,USD,24.999375015624587,"(1.0, 1.05]"
SPY,call,SPY260116C00691000,2025-12-18 21:43:21.676633+00:00,2025-12-18 21:07:13+00:00,2026-01-16,2026-01-16 00:00:00+00:00,28.094888001932876,0.0769722958957064,676.469970703125,676.469970703125,0.0,0.0,691.0,1.021479193350996,3.46,3.5,3.48,0.04,0.0114942528735632,3.53,0.1144497735595703,1603.0,1569.0,False,USD,24.999375015624587,"(1.0, 1.05]"
SPY,call,SPY260116C00692000,2025-12-18 21:43:21.676633+00:00,2025-12-18 21:10:47+00:00,2026-01-16,2026-01-16 00:00:00+00:00,28.094888001932876,0.0769722958957064,676.469970703125,676.469970703125,0.0,0.0,692.0,1.0229574555700278,3.16,3.19,3.175,0.0299999999999998,0.0094488188976377,3.21,0.1134121862792968,1230.0,1104.0,False,USD,33.33222225925824,"(1.0, 1.05]"
SPY,call,SPY260116C00693000,2025-12-18 21:43:21.676633+00:00,2025-12-18 21:04:37+00:00,2026-01-16,2026-01-16 00:00:00+00:00,28.094888001932876,0.0769722958957064,676.469970703125,676.469970703125,0.0,0.0,693.0,1.0244357177890595,2.87,2.91,2.89,0.04,0.013840830449827,2.95,0.1125882199096679,1504.0,2557.0,False,USD,24.999375015624587,"(1.0, 1.05]"
SPY,call,SPY260116C00694000,2025-12-18 21:43:21.676633+00:00,2025-12-18 21:11:38+00:00,2026-01-16,2026-01-16 00:00:00+00:00,28.094888001932876,0.0769722958957064,676.469970703125,676.469970703125,0.0,0.0,694.0,1.0259139800080914,2.61,2.65,2.63,0.04,0.0152091254752851,2.67,0.1118252880859374,784.0,1641.0,False,USD,24.999375015624587,"(1.0, 1.05]"
SPY,call,SPY260116C00695000,2025-12-18 21:43:21.676633+00:00,2025-12-18 21:07:15+00:00,2026-01-16,2026-01-16 00:00:00+00:00,28.094888001932876,0.0769722958957064,676.469970703125,676.469970703125,0.0,0.0,695.0,1.027392242227123,2.36,2.39,2.375,0.0300000000000002,0.0126315789473685,2.4,0.1107266662597656,4127.0,19788.0,False,USD,33.33222225925775,"(1.0, 1.05]"
SPY,call,SPY260116C00696000,2025-12-18 21:43:21.676633+00:00,2025-12-18 21:07:15+00:00,2026-01-16,2026-01-16 00:00:00+00:00,28.094888001932876,0.0769722958957064,676.469970703125,676.469970703125,0.0,0.0,696.0,1.028870504446155,2.13,2.17,2.15,0.04,0.0186046511627907,2.19,0.1101163208007812,862.0,1697.0,False,USD,24.999375015624587,"(1.0, 1.05]"
SPY,call,SPY260116C00697000,2025-12-18 21:43:21.676633+00:00,2025-12-18 20:58:32+00:00,2026-01-16,2026-01-16 00:00:00+00:00,28.094888001932876,0.0769722958957064,676.469970703125,676.469970703125,0.0,0.0,697.0,1.030348766665187,1.95,1.99,1.97,0.04,0.0203045685279188,2.06,0.1099942517089843,1242.0,1321.0,False,USD,24.999375015624587,"(1.0, 1.05]"
SPY,call,SPY260116C00698000,2025-12-18 21:43:21.676633+00:00,2025-12-18 20:42:14+00:00,2026-01-16,2026-01-16 00:00:00+00:00,28.094888001932876,0.0769722958957064,676.469970703125,676.469970703125,0.0,0.0,698.0,1.0318270288842188,1.74,1.76,1.75,0.02,0.0114285714285714,1.87,0.1085599398803711,832.0,1907.0,False,USD,49.99750012499371,"(1.0, 1.05]"
SPY,call,SPY260116C00699000,2025-12-18 21:43:21.676633+00:00,2025-12-18 21:05:00+00:00,2026-01-16,2026-01-16 00:00:00+00:00,28.094888001932876,0.0769722958957064,676.469970703125,676.469970703125,0.0,0.0,699.0,1.0333052911032503,1.58,1.61,1.5950000000000002,0.03,0.0188087774294671,1.6,0.1085294226074218,672.0,1989.0,False,USD,33.332222259258,"(1.0, 1.05]"
SPY,call,SPY260116C00700000,2025-12-18 21:43:21.676633+00:00,2025-12-18 21:13:20+00:00,2026-01-16,2026-01-16 00:00:00+00:00,28.094888001932876,0.0769722958957064,676.469970703125,676.469970703125,0.0,0.0,700.0,1.0347835533222824,1.4,1.43,1.415,0.03,0.0212014134275618,1.41,0.1075223526000976,23434.0,50760.0,False,USD,33.332222259258,"(1.0, 1.05]"
SPY,call,SPY260116C00701000,2025-12-18 21:43:21.676633+00:00,2025-12-18 21:10:30+00:00,2026-01-16,2026-01-16 00:00:00+00:00,28.094888001932876,0.0769722958957064,676.469970703125,676.469970703125,0.0,0.0,701.0,1.0362618155413144,1.27,1.3,1.285,0.03,0.0233463035019455,1.28,0.10743080078125,755.0,2716.0,False,USD,33.332222259258,"(1.0, 1.05]"
SPY,call,SPY260116C00702000,2025-12-18 21:43:21.676633+00:00,2025-12-18 20:40:27+00:00,2026-01-16,2026-01-16 00:00:00+00:00,28.094888001932876,0.0769722958957064,676.469970703125,676.469970703125,0.0,0.0,702.0,1.037740077760346,1.14,1.16,1.15,0.02,0.0173913043478261,1.27,0.1067899380493164,791.0,2585.0,False,USD,49.99750012499371,"(1.0, 1.05]"
SPY,call,SPY260116C00703000,2025-12-18 21:43:21.676633+00:00,2025-12-18 20:19:59+00:00,2026-01-16,2026-01-16 00:00:00+00:00,28.094888001932876,0.0769722958957064,676.469970703125,676.469970703125,0.0,0.0,703.0,1.039218339979378,1.01,1.04,1.025,0.03,0.0292682926829268,1.13,0.1063932135009765,671.0,2696.0,False,USD,33.332222259258,"(1.0, 1.05]"
SPY,call,SPY260116C00704000,2025-12-18 21:43:21.676633+00:00,2025-12-18 20:52:01+00:00,2026-01-16,2026-01-16 00:00:00+00:00,28.094888001932876,0.0769722958957064,676.469970703125,676.469970703125,0.0,0.0,704.0,1.04069660219841,0.9,0.93,0.915,0.03,0.0327868852459016,1.03,0.1060270062255859,891.0,2417.0,False,USD,33.332222259258,"(1.0, 1.05]"
SPY,call,SPY260116C00705000,2025-12-18 21:43:21.676633+00:00,2025-12-18 21:05:14+00:00,2026-01-16,2026-01-16 00:00:00+00:00,28.094888001932876,0.0769722958957064,676.469970703125,676.469970703125,0.0,0.0,705.0,1.0421748644174416,0.8,0.82,0.81,0.0199999999999999,0.0246913580246912,0.82,0.1052945916748046,4325.0,20806.0,False,USD,49.997500124993984,"(1.0, 1.05]"
SPY,call,SPY260116C00706000,2025-12-18 21:43:21.676633+00:00,2025-12-18 20:38:26+00:00,2026-01-16,2026-01-16 00:00:00+00:00,28.094888001932876,0.0769722958957064,676.469970703125,676.469970703125,0.0,0.0,706.0,1.0436531266364737,0.73,0.74,0.735,0.01,0.0136054421768707,0.85,0.1052945916748046,353.0,1977.0,False,USD,99.99000099989992,"(1.0, 1.05]"
SPY,call,SPY260116C00707000,2025-12-18 21:43:21.676633+00:00,2025-12-18 20:46:53+00:00,2026-01-16,2026-01-16 00:00:00+00:00,28.094888001932876,0.0769722958957064,676.469970703125,676.469970703125,0.0,0.0,707.0,1.0451313888555054,0.65,0.67,0.66,0.02,0.0303030303030303,0.78,0.1054166607666015,214.0,1176.0,False,USD,49.99750012499371,"(1.0, 1.05]"
SPY,call,SPY260116C00709000,2025-12-18 21:43:21.676633+00:00,2025-12-18 20:18:06+00:00,2026-01-16,2026-01-16 00:00:00+00:00,28.094888001932876,0.0769722958957064,676.469970703125,676.469970703125,0.0,0.0,709.0,1.048087913293569,0.52,0.53,0.525,0.01,0.019047619047619,0.6,0.1048673498535156,282.0,638.0,False,USD,99.99000099989992,"(1.0, 1.05]"
SPY,call,SPY260116C00710000,2025-12-18 21:43:21.676633+00:00,2025-12-18 21:01:17+00:00,2026-01-16,2026-01-16 00:00:00+00:00,28.094888001932876,0.0769722958957064,676.469970703125,676.469970703125,0.0,0.0,710.0,1.049566175512601,0.46,0.48,0.47,0.0199999999999999,0.0425531914893616,0.49,0.1051114880371093,904.0,24922.0,False,USD,49.99750012499384,"(1.0, 1.05]"
SPY,call,SPY260116C00711000,2025-12-18 21:43:21.676633+00:00,2025-12-18 21:08:59+00:00,2026-01-16,2026-01-16 00:00:00+00:00,28.094888001932876,0.0769722958957064,676.469970703125,676.469970703125,0.0,0.0,711.0,1.0510444377316326,0.42,0.43,0.425,0.01,0.0235294117647059,0.42,0.1051114880371093,175.0,1154.0,False,USD,99.99000099989992,"(1.05, 1.1]"
SPY,call,SPY260116C00712000,2025-12-18 21:43:21.676633+00:00,2025-12-18 20:12:20+00:00,2026-01-16,2026-01-16 00:00:00+00:00,28.094888001932876,0.0769722958957064,676.469970703125,676.469970703125,0.0,0.0,712.0,1.0525226999506645,0.37,0.39,0.38,0.02,0.0526315789473684,0.42,0.1054776953125,212.0,1452.0,False,USD,49.99750012499371,"(1.05, 1.1]"
SPY,call,SPY260116C00714000,2025-12-18 21:43:21.676633+00:00,2025-12-18 20:06:44+00:00,2026-01-16,2026-01-16 00:00:00+00:00,28.094888001932876,0.0769722958957064,676.469970703125,676.469970703125,0.0,0.0,714.0,1.055479224388728,0.3,0.31,0.305,0.01,0.0327868852459016,0.35,0.1053556262207031,161.0,984.0,False,USD,99.99000099989992,"(1.05, 1.1]"
SPY,call,SPY260116C00715000,2025-12-18 21:43:21.676633+00:00,2025-12-18 21:07:34+00:00,2026-01-16,2026-01-16 00:00:00+00:00,28.094888001932876,0.0769722958957064,676.469970703125,676.469970703125,0.0,0.0,715.0,1.05695748660776,0.27,0.28,0.275,0.01,0.0363636363636363,0.28,0.1057218334960937,1329.0,15616.0,False,USD,99.99000099989992,"(1.05, 1.1]"
SPY,call,SPY260116C00716000,2025-12-18 21:43:21.676633+00:00,2025-12-18 20:58:47+00:00,2026-01-16,2026-01-16 00:00:00+00:00,28.094888001932876,0.0769722958957064,676.469970703125,676.469970703125,0.0,0.0,716.0,1.0584357488267917,0.24,0.25,0.245,0.01,0.0408163265306122,0.26,0.1057218334960937,228.0,564.0,False,USD,99.99000099989992,"(1.05, 1.1]"
SPY,call,SPY260116C00718000,2025-12-18 21:43:21.676633+00:00,2025-12-18 20:48:16+00:00,2026-01-16,2026-01-16 00:00:00+00:00,28.094888001932876,0.0769722958957064,676.469970703125,676.469970703125,0.0,0.0,718.0,1.0613922732648555,0.2,0.21,0.205,0.0099999999999999,0.0487804878048779,0.23,0.1068204553222656,365.0,1212.0,False,USD,99.9900009999002,"(1.05, 1.1]"
SPY,call,SPY260116C00719000,2025-12-18 21:43:21.676633+00:00,2025-12-18 19:57:34+00:00,2026-01-16,2026-01-16 00:00:00+00:00,28.094888001932876,0.0769722958957064,676.469970703125,676.469970703125,0.0,0.0,719.0,1.0628705354838872,0.18,0.19,0.185,0.01,0.0540540540540541,0.21,0.1071866625976562,195.0,621.0,False,USD,99.99000099989992,"(1.05, 1.1]"
SPY,call,SPY260116C00720000,2025-12-18 21:43:21.676633+00:00,2025-12-18 21:04:15+00:00,2026-01-16,2026-01-16 00:00:00+00:00,28.094888001932876,0.0769722958957064,676.469970703125,676.469970703125,0.0,0.0,720.0,1.0643487977029191,0.17,0.18,0.175,0.0099999999999999,0.057142857142857,0.18,0.1082852844238281,1753.0,18691.0,False,USD,99.9900009999002,"(1.05, 1.1]"
SPY,call,SPY260116C00725000,2025-12-18 21:43:21.676633+00:00,2025-12-18 21:07:34+00:00,2026-01-16,2026-01-16 00:00:00+00:00,28.094888001932876,0.0769722958957064,676.469970703125,676.469970703125,0.0,0.0,725.0,1.0717401087980782,0.12,0.13,0.125,0.01,0.08,0.11,0.1128018408203125,533.0,19351.0,False,USD,99.99000099989992,"(1.05, 1.1]"
SPY,call,SPY260123C00684000,2025-12-18 21:43:21.866690+00:00,2025-12-18 19:17:33+00:00,2026-01-23,2026-01-23 00:00:00+00:00,35.09488580219907,0.0961503720608193,676.469970703125,676.469970703125,0.0,0.0,684.0,1.0111313578177732,7.43,7.48,7.455,0.0500000000000007,0.0067069081153589,8.05,0.1253444400024414,179.0,698.0,False,USD,19.999600007999558,"(1.0, 1.05]"
SPY,call,SPY260123C00689000,2025-12-18 21:43:21.866690+00:00,2025-12-18 21:06:59+00:00,2026-01-23,2026-01-23 00:00:00+00:00,35.09488580219907,0.0961503720608193,676.469970703125,676.469970703125,0.0,0.0,689.0,1.0185226689129323,5.25,5.3,5.275,0.0499999999999998,0.0094786729857819,5.33,0.1197292617797851,151.0,629.0,False,USD,19.99960000799991,"(1.0, 1.05]"
SPY,call,SPY260123C00690000,2025-12-18 21:43:21.866690+00:00,2025-12-18 21:01:58+00:00,2026-01-23,2026-01-23 00:00:00+00:00,35.09488580219907,0.0961503720608193,676.469970703125,676.469970703125,0.0,0.0,690.0,1.0200009311319642,4.92,4.97,4.945,0.0499999999999998,0.0101112234580383,5.0,0.1193630545043945,329.0,644.0,False,USD,19.99960000799991,"(1.0, 1.05]"
SPY,call,SPY260123C00691000,2025-12-18 21:43:21.866690+00:00,2025-12-18 20:30:14+00:00,2026-01-23,2026-01-23 00:00:00+00:00,35.09488580219907,0.0961503720608193,676.469970703125,676.469970703125,0.0,0.0,691.0,1.021479193350996,4.56,4.61,4.585,0.0500000000000007,0.0109051254089423,5.12,0.1183865017700195,215.0,873.0,False,USD,19.999600007999558,"(1.0, 1.05]"
SPY,call,SPY260123C00699000,2025-12-18 21:43:21.866690+00:00,2025-12-18 20:46:37+00:00,2026-01-23,2026-01-23 00:00:00+00:00,35.09488580219907,0.0961503720608193,676.469970703125,676.469970703125,0.0,0.0,699.0,1.0333052911032503,2.27,2.31,2.29,0.04,0.0174672489082969,2.71,0.110787700805664,232.0,557.0,False,USD,24.999375015624587,"(1.0, 1.05]"
SPY,call,SPY260123C00700000,2025-12-18 21:43:21.866690+00:00,2025-12-18 21:12:54+00:00,2026-01-23,2026-01-23 00:00:00+00:00,35.09488580219907,0.0961503720608193,676.469970703125,676.469970703125,0.0,0.0,700.0,1.0347835533222824,2.07,2.1,2.085,0.0300000000000002,0.0143884892086332,2.09,0.1099942517089843,769.0,1575.0,False,USD,33.33222225925775,"(1.0, 1.05]"
SPY,call,SPY260123C00704000,2025-12-18 21:43:21.866690+00:00,2025-12-18 20:28:40+00:00,2026-01-23,2026-01-23 00:00:00+00:00,35.09488580219907,0.0961503720608193,676.469970703125,676.469970703125,0.0,0.0,704.0,1.04069660219841,1.4,1.43,1.415,0.03,0.0212014134275618,1.61,0.1076749389648437,773.0,1221.0,False,USD,33.332222259258,"(1.0, 1.05]"
SPY,call,SPY260123C00705000,2025-12-18 21:43:21.866690+00:00,2025-12-18 20:47:49+00:00,2026-01-23,2026-01-23 00:00:00+00:00,35.09488580219907,0.0961503720608193,676.469970703125,676.469970703125,0.0,0.0,705.0,1.0421748644174416,1.27,1.3,1.285,0.03,0.0233463035019455,1.52,0.1073087316894531,444.0,658.0,False,USD,33.332222259258,"(1.0, 1.05]"
SPY,call,SPY260123C00710000,2025-12-18 21:43:21.866690+00:00,2025-12-18 21:04:20+00:00,2026-01-23,2026-01-23 00:00:00+00:00,35.09488580219907,0.0961503720608193,676.469970703125,676.469970703125,0.0,0.0,710.0,1.049566175512601,0.77,0.79,0.78,0.02,0.0256410256410256,0.8,0.1057828680419921,986.0,1164.0,False,USD,49.99750012499371,"(1.0, 1.05]"
SPY,call,SPY260123C00715000,2025-12-18 21:43:21.866690+00:00,2025-12-18 20:53:18+00:00,2026-01-23,2026-01-23 00:00:00+00:00,35.09488580219907,0.0961503720608193,676.469970703125,676.469970703125,0.0,0.0,715.0,1.05695748660776,0.46,0.48,0.47,0.0199999999999999,0.0425531914893616,0.51,0.1053556262207031,169.0,2834.0,False,USD,49.99750012499384,"(1.05, 1.1]"
SPY,call,SPY260130C00665000,2025-12-18 21:43:22.074377+00:00,2025-12-18 20:16:19+00:00,2026-01-30,2026-01-30 00:00:00+00:00,42.09488339841435,0.1153284476668886,676.469970703125,676.469970703125,0.0,0.0,665.0,0.9830443756561684,21.11,21.36,21.235,0.25,0.0117730162467624,22.15,0.1606529248046875,103.0,1199.0,True,USD,3.999984000064,"(0.95, 1.0]"
SPY,call,SPY260130C00670000,2025-12-18 21:43:22.074377+00:00,2025-12-18 20:58:33+00:00,2026-01-30,2026-01-30 00:00:00+00:00,42.09488339841435,0.1153284476668886,676.469970703125,676.469970703125,0.0,0.0,670.0,0.9904356867513276,17.54,17.75,17.645,0.2100000000000008,0.0119013884953245,18.08,0.1531304170227051,120.0,1063.0,True,USD,4.761882086275761,"(0.95, 1.0]"
SPY,call,SPY260130C00675000,2025-12-18 21:43:22.074377+00:00,2025-12-18 21:11:43+00:00,2026-01-30,2026-01-30 00:00:00+00:00,42.09488339841435,0.1153284476668886,676.469970703125,676.469970703125,0.0,0.0,675.0,0.9978269978464868,14.29,14.34,14.315,0.0500000000000007,0.0034928396786587,14.37,0.1451959260559082,898.0,2812.0,True,USD,19.999600007999558,"(0.95, 1.0]"
SPY,call,SPY260130C00679000,2025-12-18 21:43:22.074377+00:00,2025-12-18 20:58:44+00:00,2026-01-30,2026-01-30 00:00:00+00:00,42.09488339841435,0.1153284476668886,676.469970703125,676.469970703125,0.0,0.0,679.0,1.003740046722614,11.83,11.9,11.865,0.0700000000000002,0.0058997050147492,12.15,0.1398096273803711,460.0,709.0,False,USD,14.285510206996983,"(1.0, 1.05]"
SPY,call,SPY260130C00680000,2025-12-18 21:43:22.074377+00:00,2025-12-18 21:04:49+00:00,2026-01-30,2026-01-30 00:00:00+00:00,42.09488339841435,0.1153284476668886,676.469970703125,676.469970703125,0.0,0.0,680.0,1.0052183089416458,11.27,11.33,11.3,0.0600000000000005,0.0053097345132743,11.46,0.1385584191894531,1689.0,3609.0,False,USD,16.666388893518302,"(1.0, 1.05]"
SPY,call,SPY260130C00681000,2025-12-18 21:43:22.074377+00:00,2025-12-18 20:51:55+00:00,2026-01-30,2026-01-30 00:00:00+00:00,42.09488339841435,0.1153284476668886,676.469970703125,676.469970703125,0.0,0.0,681.0,1.0066965711606777,10.7,10.76,10.73,0.0600000000000005,0.005591798695247,11.47,0.1371851419067383,441.0,664.0,False,USD,16.666388893518302,"(1.0, 1.05]"
SPY,call,SPY260130C00682000,2025-12-18 21:43:22.074377+00:00,2025-12-18 20:55:20+00:00,2026-01-30,2026-01-30 00:00:00+00:00,42.09488339841435,0.1153284476668886,676.469970703125,676.469970703125,0.0,0.0,682.0,1.0081748333797096,10.15,10.21,10.18,0.0600000000000005,0.0058939096267191,10.74,0.1358728991699219,195.0,1166.0,False,USD,16.666388893518302,"(1.0, 1.05]"
SPY,call,SPY260130C00684000,2025-12-18 21:43:22.074377+00:00,2025-12-18 20:42:55+00:00,2026-01-30,2026-01-30 00:00:00+00:00,42.09488339841435,0.1153284476668886,676.469970703125,676.469970703125,0.0,0.0,684.0,1.0111313578177732,9.11,9.17,9.14,0.0600000000000005,0.0065645514223195,10.08,0.1334620346069335,236.0,1289.0,False,USD,16.666388893518302,"(1.0, 1.05]"
SPY,call,SPY260130C00685000,2025-12-18 21:43:22.074377+00:00,2025-12-18 20:59:59+00:00,2026-01-30,2026-01-30 00:00:00+00:00,42.09488339841435,0.1153284476668886,676.469970703125,676.469970703125,0.0,0.0,685.0,1.0126096200368049,8.61,8.66,8.635,0.0500000000000007,0.0057903879559931,8.85,0.1321497918701172,483.0,2543.0,False,USD,19.999600007999558,"(1.0, 1.05]"
SPY,call,SPY260130C00690000,2025-12-18 21:43:22.074377+00:00,2025-12-18 21:04:12+00:00,2026-01-30,2026-01-30 00:00:00+00:00,42.09488339841435,0.1153284476668886,676.469970703125,676.469970703125,0.0,0.0,690.0,1.0200009311319642,6.36,6.41,6.385,0.0499999999999998,0.0078308535630383,6.49,0.1265651309204101,623.0,2911.0,False,USD,19.99960000799991,"(1.0, 1.05]"
SPY,call,SPY260130C00693000,2025-12-18 21:43:22.074377+00:00,2025-12-18 20:42:58+00:00,2026-01-30,2026-01-30 00:00:00+00:00,42.09488339841435,0.1153284476668886,676.469970703125,676.469970703125,0.0,0.0,693.0,1.0244357177890595,5.21,5.26,5.234999999999999,0.0499999999999998,0.0095510983763132,5.87,0.1235134036254883,208.0,705.0,False,USD,19.99960000799991,"(1.0, 1.05]"
SPY,call,SPY260130C00695000,2025-12-18 21:43:22.074377+00:00,2025-12-18 21:04:12+00:00,2026-01-30,2026-01-30 00:00:00+00:00,42.09488339841435,0.1153284476668886,676.469970703125,676.469970703125,0.0,0.0,695.0,1.027392242227123,4.53,4.58,4.555,0.0499999999999998,0.0109769484083424,4.62,0.1216823672485351,1007.0,1014.0,False,USD,19.99960000799991,"(1.0, 1.05]"
SPY,call,SPY260130C00698000,2025-12-18 21:43:22.074377+00:00,2025-12-18 20:59:25+00:00,2026-01-30,2026-01-30 00:00:00+00:00,42.09488339841435,0.1153284476668886,676.469970703125,676.469970703125,0.0,0.0,698.0,1.0318270288842188,3.63,3.67,3.65,0.04,0.010958904109589,3.82,0.1189663299560546,3740.0,576.0,False,USD,24.999375015624587,"(1.0, 1.05]"
SPY,call,SPY260130C00700000,2025-12-18 21:43:22.074377+00:00,2025-12-18 21:11:06+00:00,2026-01-30,2026-01-30 00:00:00+00:00,42.09488339841435,0.1153284476668886,676.469970703125,676.469970703125,0.0,0.0,700.0,1.0347835533222824,3.12,3.15,3.135,0.0299999999999998,0.0095693779904305,3.16,0.1174404663085937,2948.0,8242.0,False,USD,33.33222225925824,"(1.0, 1.05]"
SPY,call,SPY260130C00702000,2025-12-18 21:43:22.074377+00:00,2025-12-18 20:50:17+00:00,2026-01-30,2026-01-30 00:00:00+00:00,42.09488339841435,0.1153284476668886,676.469970703125,676.469970703125,0.0,0.0,702.0,1.037740077760346,2.66,2.69,2.675,0.0299999999999998,0.0112149532710279,3.02,0.1160061544799804,138.0,1001.0,False,USD,33.33222225925824,"(1.0, 1.05]"
SPY,call,SPY260130C00703000,2025-12-18 21:43:22.074377+00:00,2025-12-18 21:06:05+00:00,2026-01-30,2026-01-30 00:00:00+00:00,42.09488339841435,0.1153284476668886,676.469970703125,676.469970703125,0.0,0.0,703.0,1.039218339979378,2.47,2.51,2.49,0.0399999999999995,0.0160642570281122,2.49,0.1158535681152343,103.0,1034.0,False,USD,24.999375015624864,"(1.0, 1.05]"
SPY,call,SPY260130C00704000,2025-12-18 21:43:22.074377+00:00,2025-12-18 20:51:17+00:00,2026-01-30,2026-01-30 00:00:00+00:00,42.09488339841435,0.1153284476668886,676.469970703125,676.469970703125,0.0,0.0,704.0,1.04069660219841,2.26,2.29,2.275,0.0300000000000002,0.0131868131868132,2.54,0.1148159808349609,172.0,728.0,False,USD,33.33222225925775,"(1.0, 1.05]"
SPY,call,SPY260130C00705000,2025-12-18 21:43:22.074377+00:00,2025-12-18 21:06:03+00:00,2026-01-30,2026-01-30 00:00:00+00:00,42.09488339841435,0.1153284476668886,676.469970703125,676.469970703125,0.0,0.0,705.0,1.0421748644174416,2.08,2.11,2.095,0.0299999999999998,0.0143198090692123,2.11,0.114266669921875,508.0,2566.0,False,USD,33.33222225925824,"(1.0, 1.05]"
SPY,call,SPY260130C00710000,2025-12-18 21:43:22.074377+00:00,2025-12-18 21:10:30+00:00,2026-01-30,2026-01-30 00:00:00+00:00,42.09488339841435,0.1153284476668886,676.469970703125,676.469970703125,0.0,0.0,710.0,1.049566175512601,1.36,1.39,1.375,0.0299999999999998,0.0218181818181816,1.39,0.1121914953613281,537.0,2346.0,False,USD,33.33222225925824,"(1.0, 1.05]"
SPY,call,SPY260130C00712000,2025-12-18 21:43:22.074377+00:00,2025-12-18 16:52:47+00:00,2026-01-30,2026-01-30 00:00:00+00:00,42.09488339841435,0.1153284476668886,676.469970703125,676.469970703125,0.0,0.0,712.0,1.0525226999506645,1.14,1.17,1.1549999999999998,0.03,0.025974025974026,1.58,0.1115811499023437,125.0,771.0,False,USD,33.332222259258,"(1.05, 1.1]"
SPY,call,SPY260130C00715000,2025-12-18 21:43:22.074377+00:00,2025-12-18 20:54:27+00:00,2026-01-30,2026-01-30 00:00:00+00:00,42.09488339841435,0.1153284476668886,676.469970703125,676.469970703125,0.0,0.0,715.0,1.05695748660776,0.87,0.89,0.88,0.02,0.0227272727272727,0.97,0.1105435626220703,425.0,3729.0,False,USD,49.99750012499371,"(1.05, 1.1]"
SPY,call,SPY260130C00718000,2025-12-18 21:43:22.074377+00:00,2025-12-18 20:59:53+00:00,2026-01-30,2026-01-30 00:00:00+00:00,42.09488339841435,0.1153284476668886,676.469970703125,676.469970703125,0.0,0.0,718.0,1.0613922732648555,0.68,0.7,0.69,0.0199999999999999,0.0289855072463766,0.71,0.1107266662597656,175.0,18191.0,False,USD,49.997500124993984,"(1.05, 1.1]"
SPY,call,SPY260130C00720000,2025-12-18 21:43:22.074377+00:00,2025-12-18 21:09:52+00:00,2026-01-30,2026-01-30 00:00:00+00:00,42.09488339841435,0.1153284476668886,676.469970703125,676.469970703125,0.0,0.0,720.0,1.0643487977029191,0.57,0.58,0.575,0.01,0.0173913043478261,0.59,0.1102383898925781,714.0,4277.0,False,USD,99.99000099989992,"(1.05, 1.1]"
SPY,call,SPY260130C00725000,2025-12-18 21:43:22.074377+00:00,2025-12-18 20:29:27+00:00,2026-01-30,2026-01-30 00:00:00+00:00,42.09488339841435,0.1153284476668886,676.469970703125,676.469970703125,0.0,0.0,725.0,1.0717401087980782,0.38,0.4,0.39,0.02,0.0512820512820513,0.42,0.1115811499023437,899.0,2067.0,False,USD,49.99750012499371,"(1.05, 1.1]"
SPY,call,SPY260130C00740000,2025-12-18 21:43:22.074377+00:00,2025-12-18 20:30:18+00:00,2026-01-30,2026-01-30 00:00:00+00:00,42.09488339841435,0.1153284476668886,676.469970703125,676.469970703125,0.0,0.0,740.0,1.0939140420835558,0.15,0.16,0.155,0.01,0.0645161290322581,0.15,0.1196377099609374,255.0,1863.0,False,USD,99.99000099989992,"(1.05, 1.1]"
SPY,call,SPY260220C00660000,2025-12-18 21:43:22.202061+00:00,2025-12-18 20:49:46+00:00,2026-02-20,2026-02-20 00:00:00+00:00,63.09488192059028,0.172862690193398,676.469970703125,676.469970703125,0.0,0.0,660.0,0.9756530645610092,29.0,29.25,29.125,0.25,0.0085836909871244,30.5,0.1772543212890625,197.0,3895.0,True,USD,3.999984000064,"(0.95, 1.0]"
SPY,call,SPY260220C00670000,2025-12-18 21:43:22.202061+00:00,2025-12-18 20:57:37+00:00,2026-02-20,2026-02-20 00:00:00+00:00,63.09488192059028,0.172862690193398,676.469970703125,676.469970703125,0.0,0.0,670.0,0.9904356867513276,21.73,21.93,21.83,0.1999999999999993,0.0091617040769582,22.4,0.1633384448242187,236.0,6443.0,True,USD,4.999975000125017,"(0.95, 1.0]"
SPY,call,SPY260220C00675000,2025-12-18 21:43:22.202061+00:00,2025-12-18 21:07:09+00:00,2026-02-20,2026-02-20 00:00:00+00:00,63.09488192059028,0.172862690193398,676.469970703125,676.469970703125,0.0,0.0,675.0,0.9978269978464868,18.29,18.48,18.385,0.1900000000000012,0.0103345118302965,18.57,0.1558769715881348,1102.0,8217.0,True,USD,5.263130194051575,"(0.95, 1.0]"
SPY,call,SPY260220C00680000,2025-12-18 21:43:22.202061+00:00,2025-12-18 21:09:55+00:00,2026-02-20,2026-02-20 00:00:00+00:00,63.09488192059028,0.172862690193398,676.469970703125,676.469970703125,0.0,0.0,680.0,1.0052183089416458,15.26,15.32,15.29,0.0600000000000005,0.0039241334205363,15.5,0.1490868783569335,3706.0,9251.0,False,USD,16.666388893518302,"(1.0, 1.05]"
SPY,call,SPY260220C00685000,2025-12-18 21:43:22.202061+00:00,2025-12-18 21:06:46+00:00,2026-02-20,2026-02-20 00:00:00+00:00,63.09488192059028,0.172862690193398,676.469970703125,676.469970703125,0.0,0.0,685.0,1.0126096200368049,12.43,12.49,12.46,0.0600000000000005,0.0048154093097913,12.58,0.1431054928588867,1297.0,7222.0,False,USD,16.666388893518302,"(1.0, 1.05]"
SPY,call,SPY260220C00690000,2025-12-18 21:43:22.202061+00:00,2025-12-18 21:10:21+00:00,2026-02-20,2026-02-20 00:00:00+00:00,63.09488192059028,0.172862690193398,676.469970703125,676.469970703125,0.0,0.0,690.0,1.0200009311319642,9.98,10.03,10.005,0.0499999999999989,0.0049975012493752,10.09,0.1381006600952148,1709.0,9155.0,False,USD,19.999600008000264,"(1.0, 1.05]"
SPY,call,SPY260220C00695000,2025-12-18 21:43:22.202061+00:00,2025-12-18 20:55:31+00:00,2026-02-20,2026-02-20 00:00:00+00:00,63.09488192059028,0.172862690193398,676.469970703125,676.469970703125,0.0,0.0,695.0,1.027392242227123,7.79,7.84,7.814999999999999,0.0499999999999998,0.0063979526551503,8.2,0.1330347927856445,915.0,10606.0,False,USD,19.99960000799991,"(1.0, 1.05]"
SPY,call,SPY260220C00700000,2025-12-18 21:43:22.202061+00:00,2025-12-18 21:11:41+00:00,2026-02-20,2026-02-20 00:00:00+00:00,63.09488192059028,0.172862690193398,676.469970703125,676.469970703125,0.0,0.0,700.0,1.0347835533222824,5.95,5.99,5.970000000000001,0.04,0.0067001675041876,5.95,0.1285182363891601,4624.0,11486.0,False,USD,24.999375015624587,"(1.0, 1.05]"
SPY,call,SPY260220C00705000,2025-12-18 21:43:22.202061+00:00,2025-12-18 21:05:00+00:00,2026-02-20,2026-02-20 00:00:00+00:00,63.09488192059028,0.172862690193398,676.469970703125,676.469970703125,0.0,0.0,705.0,1.0421748644174416,4.4,4.44,4.42,0.04,0.0090497737556561,4.45,0.1241542663574218,906.0,4247.0,False,USD,24.999375015624587,"(1.0, 1.05]"
SPY,call,SPY260220C00710000,2025-12-18 21:43:22.202061+00:00,2025-12-18 21:11:39+00:00,2026-02-20,2026-02-20 00:00:00+00:00,63.09488192059028,0.172862690193398,676.469970703125,676.469970703125,0.0,0.0,710.0,1.049566175512601,3.24,3.27,3.255,0.0299999999999998,0.009216589861751,3.25,0.1211635736083984,2810.0,7259.0,False,USD,33.33222225925824,"(1.0, 1.05]"
SPY,call,SPY260220C00715000,2025-12-18 21:43:22.202061+00:00,2025-12-18 20:58:40+00:00,2026-02-20,2026-02-20 00:00:00+00:00,63.09488192059028,0.172862690193398,676.469970703125,676.469970703125,0.0,0.0,715.0,1.05695748660776,2.31,2.36,2.335,0.0499999999999998,0.0214132762312633,2.42,0.1186306399536132,637.0,4578.0,False,USD,19.99960000799991,"(1.05, 1.1]"
SPY,call,SPY260220C00720000,2025-12-18 21:43:22.202061+00:00,2025-12-18 21:01:51+00:00,2026-02-20,2026-02-20 00:00:00+00:00,63.09488192059028,0.172862690193398,676.469970703125,676.469970703125,0.0,0.0,720.0,1.0643487977029191,1.65,1.68,1.665,0.03,0.018018018018018,1.69,0.1166775344848632,979.0,5485.0,False,USD,33.332222259258,"(1.05, 1.1]"
SPY,call,SPY260220C00725000,2025-12-18 21:43:22.202061+00:00,2025-12-18 21:01:15+00:00,2026-02-20,2026-02-20 00:00:00+00:00,63.09488192059028,0.172862690193398,676.469970703125,676.469970703125,0.0,0.0,725.0,1.0717401087980782,1.16,1.18,1.17,0.02,0.0170940170940171,1.2,0.1151821881103515,1053.0,3315.0,False,USD,49.99750012499371,"(1.05, 1.1]"
SPY,call,SPY260220C00730000,2025-12-18 21:43:22.202061+00:00,2025-12-18 21:11:34+00:00,2026-02-20,2026-02-20 00:00:00+00:00,63.09488192059028,0.172862690193398,676.469970703125,676.469970703125,0.0,0.0,730.0,1.0791314198932374,0.82,0.85,0.835,0.03,0.0359281437125748,0.85,0.1149380499267578,700.0,7186.0,False,USD,33.332222259258,"(1.05, 1.1]"
SPY,call,SPY260220C00735000,2025-12-18 21:43:22.202061+00:00,2025-12-18 21:11:34+00:00,2026-02-20,2026-02-20 00:00:00+00:00,63.09488192059028,0.172862690193398,676.469970703125,676.469970703125,0.0,0.0,735.0,1.0865227309883967,0.6,0.61,0.605,0.01,0.0165289256198347,0.6,0.1149380499267578,270.0,5736.0,False,USD,99.99000099989992,"(1.05, 1.1]"
SPY,call,SPY260220C00740000,2025-12-18 21:43:22.202061+00:00,2025-12-18 20:32:15+00:00,2026-02-20,2026-02-20 00:00:00+00:00,63.09488192059028,0.172862690193398,676.469970703125,676.469970703125,0.0,0.0,740.0,1.0939140420835558,0.44,0.45,0.445,0.01,0.0224719101123595,0.5,0.1157925335693359,435.0,5611.0,False,USD,99.99000099989992,"(1.05, 1.1]"
SPY,call,SPY260227C00659000,2025-12-18 21:43:22.323154+00:00,2025-12-17 20:50:03+00:00,2026-02-27,2026-02-27 00:00:00+00:00,70.09488051905093,0.192040768545345,676.469970703125,676.469970703125,0.0,0.0,659.0,0.9741748023419774,31.0,31.43,31.215,0.4299999999999997,0.0137754284798974,29.47,0.1823812231445312,208.0,622.0,True,USD,2.32557598703259,"(0.95, 1.0]"
SPY,call,SPY260227C00670000,2025-12-18 21:43:22.323154+00:00,2025-12-18 20:55:31+00:00,2026-02-27,2026-02-27 00:00:00+00:00,70.09488051905093,0.192040768545345,676.469970703125,676.469970703125,0.0,0.0,670.0,0.9904356867513276,23.06,23.32,23.19,0.2600000000000015,0.011211729193618,23.96,0.1669547416687012,426.0,1344.0,True,USD,3.846139053311311,"(0.95, 1.0]"
SPY,call,SPY260227C00690000,2025-12-18 21:43:22.323154+00:00,2025-12-18 21:01:55+00:00,2026-02-27,2026-02-27 00:00:00+00:00,70.09488051905093,0.192040768545345,676.469970703125,676.469970703125,0.0,0.0,690.0,1.0200009311319642,11.24,11.29,11.265,0.0499999999999989,0.004438526409232,11.41,0.1421899746704101,447.0,1196.0,False,USD,19.999600008000264,"(1.0, 1.05]"
SPY,call,SPY260227C00695000,2025-12-18 21:43:22.323154+00:00,2025-12-18 18:32:47+00:00,2026-02-27,2026-02-27 00:00:00+00:00,70.09488051905093,0.192040768545345,676.469970703125,676.469970703125,0.0,0.0,695.0,1.027392242227123,9.01,9.07,9.04,0.0600000000000005,0.0066371681415929,9.15,0.1376581596374512,257.0,816.0,False,USD,16.666388893518302,"(1.0, 1.05]"
SPY,call,SPY260227C00700000,2025-12-18 21:43:22.323154+00:00,2025-12-18 20:14:18+00:00,2026-02-27,2026-02-27 00:00:00+00:00,70.09488051905093,0.192040768545345,676.469970703125,676.469970703125,0.0,0.0,700.0,1.0347835533222824,7.05,7.1,7.074999999999999,0.0499999999999998,0.0070671378091872,7.5,0.1330347927856445,204.0,1612.0,False,USD,19.99960000799991,"(1.0, 1.05]"
SPY,call,SPY260227C00710000,2025-12-18 21:43:22.323154+00:00,2025-12-18 20:24:30+00:00,2026-02-27,2026-02-27 00:00:00+00:00,70.09488051905093,0.192040768545345,676.469970703125,676.469970703125,0.0,0.0,710.0,1.049566175512601,4.06,4.1,4.08,0.04,0.0098039215686274,4.42,0.1253139227294922,177.0,1249.0,False,USD,24.999375015624587,"(1.0, 1.05]"
SPY,call,SPY260227C00720000,2025-12-18 21:43:22.323154+00:00,2025-12-18 20:15:47+00:00,2026-02-27,2026-02-27 00:00:00+00:00,70.09488051905093,0.192040768545345,676.469970703125,676.469970703125,0.0,0.0,720.0,1.0643487977029191,2.19,2.23,2.21,0.04,0.0180995475113122,2.42,0.1201870208740234,216.0,974.0,False,USD,24.999375015624587,"(1.05, 1.1]"
SPY,call,SPY260227C00735000,2025-12-18 21:43:22.323154+00:00,2025-12-18 20:21:37+00:00,2026-02-27,2026-02-27 00:00:00+00:00,70.09488051905093,0.192040768545345,676.469970703125,676.469970703125,0.0,0.0,735.0,1.0865227309883967,0.84,0.86,0.85,0.02,0.0235294117647059,0.95,0.1170742590332031,100.0,560.0,False,USD,49.99750012499371,"(1.05, 1.1]"
SPY,call,SPY260320C00630000,2025-12-18 21:43:22.438985+00:00,2025-12-18 19:22:34+00:00,2026-03-20,2026-03-20 00:00:00+00:00,91.09487917841436,0.2495750114477105,676.469970703125,676.469970703125,0.0,0.0,630.0,0.9313051979900542,58.27,58.7,58.485,0.4299999999999997,0.0073523125587757,59.51,0.2273636834716796,122.0,3641.0,True,USD,2.32557598703259,"(0.9, 0.95]"
SPY,call,SPY260320C00655000,2025-12-18 21:43:22.438985+00:00,2025-12-18 20:53:37+00:00,2026-03-20,2026-03-20 00:00:00+00:00,91.09487917841436,0.2495750114477105,676.469970703125,676.469970703125,0.0,0.0,655.0,0.96826175346585,37.8,38.2,38.0,0.4000000000000057,0.0105263157894738,38.92,0.1944813218688965,157.0,2894.0,True,USD,2.499993750015589,"(0.95, 1.0]"
SPY,call,SPY260320C00660000,2025-12-18 21:43:22.438985+00:00,2025-12-18 20:33:07+00:00,2026-03-20,2026-03-20 00:00:00+00:00,91.09487917841436,0.2495750114477105,676.469970703125,676.469970703125,0.0,0.0,660.0,0.9756530645610092,34.0,34.26,34.129999999999995,0.259999999999998,0.0076179314386169,35.4,0.1870656245422363,175.0,6802.0,True,USD,3.8461390533113633,"(0.95, 1.0]"
SPY,call,SPY260320C00670000,2025-12-18 21:43:22.438985+00:00,2025-12-18 20:48:03+00:00,2026-03-20,2026-03-20 00:00:00+00:00,91.09487917841436,0.2495750114477105,676.469970703125,676.469970703125,0.0,0.0,670.0,0.9904356867513276,26.79,27.08,26.935,0.2899999999999991,0.0107666604789307,27.53,0.1748434567260742,222.0,19884.0,True,USD,3.448263971503557,"(0.95, 1.0]"
SPY,call,SPY260320C00675000,2025-12-18 21:43:22.438985+00:00,2025-12-18 21:02:40+00:00,2026-03-20,2026-03-20 00:00:00+00:00,91.09487917841436,0.2495750114477105,676.469970703125,676.469970703125,0.0,0.0,675.0,0.9978269978464868,23.5,23.71,23.605,0.2100000000000008,0.008896420249947,23.71,0.1687705194091797,708.0,7007.0,True,USD,4.761882086275761,"(0.95, 1.0]"
SPY,call,SPY260320C00680000,2025-12-18 21:43:22.438985+00:00,2025-12-18 21:02:45+00:00,2026-03-20,2026-03-20 00:00:00+00:00,91.09487917841436,0.2495750114477105,676.469970703125,676.469970703125,0.0,0.0,680.0,1.0052183089416458,20.3,20.36,20.33,0.0599999999999987,0.0029513034923757,20.54,0.1616447361755371,1243.0,10123.0,False,USD,16.666388893518796,"(1.0, 1.05]"
SPY,call,SPY260320C00685000,2025-12-18 21:43:22.438985+00:00,2025-12-18 21:00:30+00:00,2026-03-20,2026-03-20 00:00:00+00:00,91.09487917841436,0.2495750114477105,676.469970703125,676.469970703125,0.0,0.0,685.0,1.0126096200368049,17.33,17.39,17.36,0.0600000000000022,0.0034562211981568,17.64,0.155983782043457,1400.0,12794.0,False,USD,16.66638889351781,"(1.0, 1.05]"
SPY,call,SPY260320C00690000,2025-12-18 21:43:22.438985+00:00,2025-12-18 21:06:58+00:00,2026-03-20,2026-03-20 00:00:00+00:00,91.09487917841436,0.2495750114477105,676.469970703125,676.469970703125,0.0,0.0,690.0,1.0200009311319642,14.6,14.66,14.63,0.0600000000000005,0.0041011619958988,14.72,0.1506280006408691,1236.0,14015.0,False,USD,16.666388893518302,"(1.0, 1.05]"
SPY,call,SPY260320C00695000,2025-12-18 21:43:22.438985+00:00,2025-12-18 21:02:11+00:00,2026-03-20,2026-03-20 00:00:00+00:00,91.09487917841436,0.2495750114477105,676.469970703125,676.469970703125,0.0,0.0,695.0,1.027392242227123,12.13,12.18,12.155,0.0499999999999989,0.0041135335252981,12.31,0.1455621333312988,2263.0,6256.0,False,USD,19.999600008000264,"(1.0, 1.05]"
SPY,call,SPY260320C00700000,2025-12-18 21:43:22.438985+00:00,2025-12-18 21:05:57+00:00,2026-03-20,2026-03-20 00:00:00+00:00,91.09487917841436,0.2495750114477105,676.469970703125,676.469970703125,0.0,0.0,700.0,1.0347835533222824,9.92,9.97,9.945,0.0500000000000007,0.0050276520864756,9.98,0.1408472146606445,1680.0,21294.0,False,USD,19.999600007999558,"(1.0, 1.05]"
SPY,call,SPY260320C00705000,2025-12-18 21:43:22.438985+00:00,2025-12-18 20:47:43+00:00,2026-03-20,2026-03-20 00:00:00+00:00,91.09487917841436,0.2495750114477105,676.469970703125,676.469970703125,0.0,0.0,705.0,1.0421748644174416,8.0,8.05,8.025,0.0500000000000007,0.0062305295950156,8.81,0.1366358309936523,655.0,4812.0,False,USD,19.999600007999558,"(1.0, 1.05]"
SPY,call,SPY260320C00710000,2025-12-18 21:43:22.438985+00:00,2025-12-18 21:01:27+00:00,2026-03-20,2026-03-20 00:00:00+00:00,91.09487917841436,0.2495750114477105,676.469970703125,676.469970703125,0.0,0.0,710.0,1.049566175512601,6.37,6.41,6.390000000000001,0.04,0.0062597809076682,6.51,0.132897465057373,1619.0,13697.0,False,USD,24.999375015624587,"(1.0, 1.05]"
SPY,call,SPY260320C00715000,2025-12-18 21:43:22.438985+00:00,2025-12-18 20:59:31+00:00,2026-03-20,2026-03-20 00:00:00+00:00,91.09487917841436,0.2495750114477105,676.469970703125,676.469970703125,0.0,0.0,715.0,1.05695748660776,5.03,5.07,5.050000000000001,0.04,0.0079207920792079,5.14,0.129967806854248,121.0,8476.0,False,USD,24.999375015624587,"(1.05, 1.1]"
SPY,call,SPY260320C00720000,2025-12-18 21:43:22.438985+00:00,2025-12-18 21:12:42+00:00,2026-03-20,2026-03-20 00:00:00+00:00,91.09487917841436,0.2495750114477105,676.469970703125,676.469970703125,0.0,0.0,720.0,1.0643487977029191,3.89,3.92,3.905,0.0299999999999998,0.0076824583866836,3.92,0.1269313381958007,1733.0,24634.0,False,USD,33.33222225925824,"(1.05, 1.1]"
SPY,call,SPY260320C00725000,2025-12-18 21:43:22.438985+00:00,2025-12-18 21:00:00+00:00,2026-03-20,2026-03-20 00:00:00+00:00,91.09487917841436,0.2495750114477105,676.469970703125,676.469970703125,0.0,0.0,725.0,1.0717401087980782,2.99,3.02,3.005,0.0299999999999998,0.0099833610648917,3.07,0.1246730599975586,361.0,8747.0,False,USD,33.33222225925824,"(1.05, 1.1]"
SPY,call,SPY260320C00730000,2025-12-18 21:43:22.438985+00:00,2025-12-18 21:13:14+00:00,2026-03-20,2026-03-20 00:00:00+00:00,91.09487917841436,0.2495750114477105,676.469970703125,676.469970703125,0.0,0.0,730.0,1.0791314198932374,2.29,2.32,2.305,0.0299999999999998,0.0130151843817786,2.31,0.1230251272583007,400.0,15758.0,False,USD,33.33222225925824,"(1.05, 1.1]"
SPY,call,SPY260320C00740000,2025-12-18 21:43:22.438985+00:00,2025-12-18 21:07:45+00:00,2026-03-20,2026-03-20 00:00:00+00:00,91.09487917841436,0.2495750114477105,676.469970703125,676.469970703125,0.0,0.0,740.0,1.0939140420835558,1.34,1.36,1.35,0.02,0.0148148148148148,1.35,0.1210415045166015,619.0,10467.0,False,USD,49.99750012499371,"(1.05, 1.1]"
SPY,call,SPY260331C00680000,2025-12-18 21:43:22.579106+00:00,2025-12-18 21:01:56+00:00,2026-03-31,2026-03-31 00:00:00+00:00,102.09487755664352,0.2797119933058726,676.469970703125,676.469970703125,0.0,0.0,680.0,1.0052183089416458,21.43,21.51,21.47,0.0800000000000018,0.0037261294829996,21.69,0.1608360284423828,3085.0,4196.0,False,USD,12.499843751952811,"(1.0, 1.05]"
SPY,call,SPY260331C00685000,2025-12-18 21:43:22.579106+00:00,2025-12-18 21:08:03+00:00,2026-03-31,2026-03-31 00:00:00+00:00,102.09487755664352,0.2797119933058726,676.469970703125,676.469970703125,0.0,0.0,685.0,1.0126096200368049,18.25,18.88,18.565,0.629999999999999,0.033934823592782,18.61,0.1579063702392578,769.0,1981.0,False,USD,1.58729906777926,"(1.0, 1.05]"
SPY,call,SPY260331C00690000,2025-12-18 21:43:22.579106+00:00,2025-12-18 20:58:39+00:00,2026-03-31,2026-03-31 00:00:00+00:00,102.09487755664352,0.2797119933058726,676.469970703125,676.469970703125,0.0,0.0,690.0,1.0200009311319642,15.7,15.78,15.739999999999998,0.08,0.0050825921219822,16.03,0.15039912109375,149.0,2622.0,False,USD,12.499843751953088,"(1.0, 1.05]"
SPY,call,SPY260331C00700000,2025-12-18 21:43:22.579106+00:00,2025-12-18 21:12:57+00:00,2026-03-31,2026-03-31 00:00:00+00:00,102.09487755664352,0.2797119933058726,676.469970703125,676.469970703125,0.0,0.0,700.0,1.0347835533222824,10.94,11.0,10.97,0.0600000000000005,0.0054694621695533,11.0,0.1410303182983398,1816.0,5011.0,False,USD,16.666388893518302,"(1.0, 1.05]"
SPY,call,SPY260331C00710000,2025-12-18 21:43:22.579106+00:00,2025-12-18 20:41:21+00:00,2026-03-31,2026-03-31 00:00:00+00:00,102.09487755664352,0.2797119933058726,676.469970703125,676.469970703125,0.0,0.0,710.0,1.049566175512601,7.26,7.32,7.29,0.0600000000000005,0.0082304526748971,7.79,0.1335535864257812,350.0,1832.0,False,USD,16.666388893518302,"(1.0, 1.05]"
SPY,call,SPY260331C00720000,2025-12-18 21:43:22.579106+00:00,2025-12-18 21:04:11+00:00,2026-03-31,2026-03-31 00:00:00+00:00,102.09487755664352,0.2797119933058726,676.469970703125,676.469970703125,0.0,0.0,720.0,1.0643487977029191,4.55,4.59,4.57,0.04,0.0087527352297593,4.62,0.1270839245605468,560.0,3666.0,False,USD,24.999375015624587,"(1.05, 1.1]"
SPY,call,SPY260331C00725000,2025-12-18 21:43:22.579106+00:00,2025-12-18 21:05:04+00:00,2026-03-31,2026-03-31 00:00:00+00:00,102.09487755664352,0.2797119933058726,676.469970703125,676.469970703125,0.0,0.0,725.0,1.0717401087980782,3.58,3.63,3.605,0.0499999999999998,0.0138696255201109,3.6,0.1251308190917968,719.0,1356.0,False,USD,19.99960000799991,"(1.05, 1.1]"
SPY,call,SPY260331C00730000,2025-12-18 21:43:22.579106+00:00,2025-12-18 20:58:29+00:00,2026-03-31,2026-03-31 00:00:00+00:00,102.09487755664352,0.2797119933058726,676.469970703125,676.469970703125,0.0,0.0,730.0,1.0791314198932374,2.77,2.81,2.79,0.04,0.014336917562724,2.9,0.1229946099853515,438.0,1517.0,False,USD,24.999375015624587,"(1.05, 1.1]"
